{
  "Antioquia": ["Medellín", "Bello", "Envigado", "Itagüí", "Rionegro", "Apartadó"],
  "Bogotá D.C.": ["Bogotá"],
  "Cundinamarca": ["Soacha", "Chía", "Fusagasugá", "Facatativá", "Zipaquirá"],
  "Valle del Cauca": ["Cali", "Palmira", "Buenaventura", "Buga", "Cartago"],
  "Atlántico": ["Barranquilla", "Soledad", "Malambo"],
  "Bolívar": ["Cartagena", "Magangué"],
  "Santander": ["Bucaramanga", "Floridablanca", "Piedecuesta"],
  "Boyacá": ["Tunja", "Duitama", "Sogamoso"],
  "Nariño": ["Pasto", "Ipiales"],
  "Norte de Santander": ["Cúcuta", "Ocaña"],
  "Tolima": ["Ibagué", "Espinal"],
  "Meta": ["Villavicencio", "Acacías"],
  "Caldas": ["Manizales", "Villamaría"],
  "Risaralda": ["Pereira", "Dosquebradas"],
  "Quindío": ["Armenia", "Calarcá"],
  "Cauca": ["Popayán", "Santander de Quilichao"],
  "Cesar": ["Valledupar", "Aguachica"],
  "Córdoba": ["Montería", "Lorica"],
  "Sucre": ["Sincelejo", "Tolú"],
  "Huila": ["Neiva", "Pitalito"],
  "Caquetá": ["Florencia"],
  "Putumayo": ["Mocoa"],
  "Guaviare": ["San José del Guaviare"],
  "Vaupés": ["Mitú"],
  "Amazonas": ["Leticia"],
  "Chocó": ["Quibdó", "Istmina"],
  "La Guajira": ["Riohacha", "Maicao"],
  "Guajira": ["Riohacha", "Maicao"],
  "San Andrés y Providencia": ["San Andrés"]
}
